{"Van Cortlandt Park": {"LNG": -73.88895811640342, "LAT": 40.8962098695574}, "Woodlawn Cemetery": {"LNG": -73.87165102682086, "LAT": 40.88987947152594}, "Seton Falls Park": {"LNG": -73.8386418872537, "LAT": 40.88696522165708}, "Pelham Bay Park": {"LNG": -73.80980242290379, "LAT": 40.87798554992497}, "Botanical Garden": {"LNG": -73.87830775950145, "LAT": 40.864423947038276}, "Bronx Park": {"LNG": -73.87626064361218, "LAT": 40.85552207412337}, "Saint  Raymond's Cemetery": {"LNG": -73.83530397142964, "LAT": 40.82330814715979}, "Ferry Point Park": {"LNG": -73.83284639755986, "LAT": 40.814343380069246}, "Sound View Park": {"LNG": -73.87217310381769, "LAT": 40.81544429769787}, "Crotona Park": {"LNG": -73.89422936815207, "LAT": 40.83847660461835}, "Zoo/Wildlife Conser. Park": {"LNG": -73.87523756734706, "LAT": 40.84900594697981}, "Hart Island": {"LNG": -73.76975723964243, "LAT": 40.851364969267536}, "Saint Mary's Park": {"LNG": -73.91175819597106, "LAT": 40.81147587509648}, "Inwood Hill Park": {"LNG": -73.92618082532951, "LAT": 40.872193334259926}, "Fort Tryon Park": {"LNG": -73.93190269450912, "LAT": 40.862990772923396}, "Rikers Island": {"LNG": -73.88276247711234, "LAT": 40.791980533469754}, "Marcus Garvey Park": {"LNG": -73.94268045554563, "LAT": 40.80345956584207}, "Randall's Island Park": {"LNG": -73.92169947285805, "LAT": 40.79591467134582}, "Ward's Island Park": {"LNG": -73.92997389407995, "LAT": 40.784284324777666}, "Central Park": {"LNG": -73.9656559857641, "LAT": 40.78288157650297}, "Columbus Circle": {"LNG": -73.98190208354553, "LAT": 40.76806052553004}, "Times Square": {"LNG": -73.98179379395485, "LAT": 40.75802130316951}, "Madison Square": {"LNG": -73.9880666276522, "LAT": 40.74218139635935}, "Union Square": {"LNG": -73.99038010031393, "LAT": 40.73595972106511}, "Governors Island": {"LNG": -74.01838919066344, "LAT": 40.68941550618436}, "McCarren Park": {"LNG": -73.95198134413582, "LAT": 40.72089970411925}, "Astoria Park": {"LNG": -73.92426900777012, "LAT": 40.776792340470784}, "Botanic Garden": {"LNG": -73.96612485508889, "LAT": 40.66993701228011}, "Prospect Park": {"LNG": -73.96908663893517, "LAT": 40.6612508155903}, "Greenwood Cemetery": {"LNG": -73.99044121963072, "LAT": 40.65204690915801}, "Holy Cross Cemetery": {"LNG": -73.9376482616997, "LAT": 40.64686106018592}, "Bush Terminal": {"LNG": -74.01857569600294, "LAT": 40.6550850778905}, "Owls Head Park": {"LNG": -74.0323085182286, "LAT": 40.639958950876455}, "Fort Hamilton": {"LNG": -74.02879132751748, "LAT": 40.60738115117111}, "Dyker Beach Park": {"LNG": -74.0195610269429, "LAT": 40.6114640343956}, "Washington Cemetery": {"LNG": -73.97543203962991, "LAT": 40.62022206700046}, "Marine Park": {"LNG": -73.92408612898762, "LAT": 40.6033622478687}, "Floyd Bennett Field": {"LNG": -73.89009560708669, "LAT": 40.591299483321535}, "Canarsie Beach Park": {"LNG": -73.89810825126949, "LAT": 40.62548603514694}, "Aqueduct Race Track": {"LNG": -73.83062351650361, "LAT": 40.6721943279148}, "Bayside Cemetery": {"LNG": -73.85499266330103, "LAT": 40.67728705563947}, "Brookville Park": {"LNG": -73.75238277093409, "LAT": 40.651908212675536}, "Baisley Pond Park": {"LNG": -73.78691600919068, "LAT": 40.67324965288325}, "Roy Wilkins Park": {"LNG": -73.77202424502954, "LAT": 40.68791058817667}, "Forest Park": {"LNG": -73.8458479885105, "LAT": 40.703595598692104}, "Cypress Hills Cemetery": {"LNG": -73.87614171586935, "LAT": 40.6958415315425}, "Saint  Johns Cemetery": {"LNG": -73.86698585276544, "LAT": 40.715164169632864}, "Linden Hill Cemetery": {"LNG": -73.91396903877961, "LAT": 40.710489911870745}, "Mount Olivet Cemetery": {"LNG": -73.89594770816673, "LAT": 40.720840966001944}, "Juniper Valley Park": {"LNG": -73.87963218810509, "LAT": 40.72035302706922}, "Lutheran Cemetery": {"LNG": -73.88748458327001, "LAT": 40.7122362531459}, "Montefiore Cemetery": {"LNG": -73.74173159724515, "LAT": 40.68584033375772}, "Flushing Meadows Corona Park": {"LNG": -73.84141524806722, "LAT": 40.73799908156732}, "Mount Hebron Cemetery": {"LNG": -73.83033792899847, "LAT": 40.73409273122971}, "Kissena Park": {"LNG": -73.80410217310029, "LAT": 40.744580081208476}, "Cunningham Park": {"LNG": -73.76903038011216, "LAT": 40.72903318311167}, "Fort Totten": {"LNG": -73.77703960313673, "LAT": 40.79253915786017}, "Clearview Park": {"LNG": -73.78886382836278, "LAT": 40.782589659950936}, "Crocheron Park": {"LNG": -73.76899845415153, "LAT": 40.77133494883229}, "Alley Pond Park": {"LNG": -73.74427173442596, "LAT": 40.75365741448745}, "Douglaston Park": {"LNG": -73.73228698411853, "LAT": 40.75164377669763}, "Fort Schuyler": {"LNG": -73.79311970418817, "LAT": 40.8056466984195}, "Calvary Cemetery": {"LNG": -73.93013732431596, "LAT": 40.733382383304445}, "New Calvary Cemetery": {"LNG": -73.9131473948865, "LAT": 40.73707174406401}, "Mount Zion Cemetery": {"LNG": -73.90791234235725, "LAT": 40.73205823678442}, "Jacob Riis Park": {"LNG": -73.87158393152964, "LAT": 40.567881758894366}, "Fort Tilden": {"LNG": -73.89490042748818, "LAT": 40.561630259829755}, "Liberty Island": {"LNG": -74.04528226698027, "LAT": 40.69000020889039}, "Ellis Island": {"LNG": -74.04017358617266, "LAT": 40.699194768175424}, "Snug Harbor": {"LNG": -74.10316988748055, "LAT": 40.64230186651149}, "Silver Lake Park": {"LNG": -74.09460330126251, "LAT": 40.62728628119562}, "Clove Lakes Park": {"LNG": -74.11069895248923, "LAT": 40.61811022297896}, "Fort Wadsworth": {"LNG": -74.05881836960978, "LAT": 40.60438473086624}, "Miller Field": {"LNG": -74.09882949835136, "LAT": 40.56802527531299}, "Great Kills Park": {"LNG": -74.12560543839727, "LAT": 40.54844478732872}, "Moravian Cemetery": {"LNG": -74.1173575915285, "LAT": 40.5827147298193}, "LaTourette Park": {"LNG": -74.14250377155005, "LAT": 40.58215534212022}, "Willowbrook Park": {"LNG": -74.15824652767382, "LAT": 40.60061998735724}, "Blue Heron Park": {"LNG": -74.17535438004438, "LAT": 40.5312531726696}, "Wolfe's Pond Park": {"LNG": -74.19242924910763, "LAT": 40.52173962752439}, "Mount Loretto": {"LNG": -74.21806393427, "LAT": 40.509664690342944}, "Conference House Park": {"LNG": -74.24856463534958, "LAT": 40.49956588939516}, "South Shore Golf Course": {"LNG": -74.20503665657094, "LAT": 40.55118349678608}, "Fresh Kills": {"LNG": -74.19497650953257, "LAT": 40.57405693425491}, "Plumb Beach": {"LNG": -73.91512177856971, "LAT": 40.58319523665636}, "John F. Kennedy International Airport": {"LNG": -73.78599900918941, "LAT": 40.648067559263275}, "LaGuardia Airport": {"LNG": -73.87428090918077, "LAT": 40.77541560299302}, "Jamaica Bay Wildlife Refuge": {"LNG": -73.82628899155016, "LAT": 40.622877455110455}, "Calvert Vaux": {"LNG": -73.9936953325996, "LAT": 40.58507538957254}, "High Rock Park": {"LNG": -74.1149203740042, "LAT": 40.59043473002143}, "Red Hook Park": {"LNG": -74.00555273394113, "LAT": 40.67204727399426}, "Saint Michael's Cemetery": {"LNG": -73.89847195245063, "LAT": 40.76444875872217}, "Riverdale Park": {"LNG": -73.91682910729087, "LAT": 40.89230556742364}, "Forest Park (Golf Course)": {"LNG": -73.86271386920103, "LAT": 40.69944758256273}, "Spring Creek Park Preserve (No Access)": {"LNG": -73.86501941871359, "LAT": 40.64582806586263}, "Spring Creek Park Gateway National Recreation Area": {"LNG": -73.84421119173001, "LAT": 40.64631600114786}}